Nom_Article,Prix_Article,Lien,Marque
"Samsung Galaxy M13-4/64GB-50Mpx- 5000mAh - 6,6''",112500.0,https/products/copie-de-samsung-galaxy-m13-4-64gb-50mpx-5000mah-6-6?_pos=1&_sid=8b9544996&_ss=r,Samsung
"Samsung Galaxy S24 -6.2""-8/256 Go- 5G - Noir",599900.0,https/products/samsung-galaxy-s24-6-2-8-256-go-5g-noir?_pos=2&_sid=8b9544996&_ss=r,Samsung
Samsung GALAXY TAB A7 Lite - 8.7''- 8mpx- 3/32Go - 5100mAh - GARANTIE 12 MOIS,94900.0,https/products/samsung-galaxy-tab-a7-lite-8-7-8mpx-3-32go-5100mah-garantie-12-mois?_pos=3&_sid=8b9544996&_ss=r,Samsung
SAMSUNG Z FOLD 4 256GB,840000.0,https/products/samsung-z-fold-4-256gb?_pos=4&_sid=8b9544996&_ss=r,Samsung
"Samsung Galaxy S24 -6.2""-12/256Go- 5G - Noir",649900.0,https/products/samsung-galaxy-s24-6-2-8-128-go-5g-noir-copie?_pos=5&_sid=8b9544996&_ss=r,Samsung
"Samsung Galaxy A05s - 4G - 2 SIM - 6.7"" - 4/128 Go - 50Mpx - 5000 MAh",89900.0,https/products/samsung-galaxy-a05s-4g-2-sim-6-7-4-64-go-50mpx-5000-mah-1?_pos=6&_sid=8b9544996&_ss=r,Samsung
"Samsung Galaxy A15 - 2 Sim - 5 -6.6""- 8/256Go - 50Mpx -  Garantie 1 an",125000.0,https/products/samsung-galaxy-a15-2-sim-5-6-6-8-256go-50mpx-garantie-1-an-copie?_pos=7&_sid=8b9544996&_ss=r,Samsung
Samsung Téléphone Portable Samsung B315,14900.0,https/products/samsung-telephone-portable-samsung-b315?_pos=8&_sid=8b9544996&_ss=r,Samsung
"Samsung Smart TV LED - 32"" HD - UA32T5300AU- Noir - 12Mois de Garantie",109900.0,https/products/samsung-smart-tv-led-32-hd-ua32t5300au-noir-24-mois-de-garantie?_pos=9&_sid=8b9544996&_ss=r,Samsung
Samsung Galaxy A04 - RAM 4Go - ROM 64Go,82000.0,https/products/samsung-galaxy-a04-ram-4go-rom-64go?_pos=10&_sid=8b9544996&_ss=r,Samsung
Four Micro-Onde Samsung  - 230V-50Hz - 23L - Blanc/Noir,94900.0,https/products/four-micro-onde-samsung-230v-50hz-23l-blanc-noir?_pos=11&_sid=8b9544996&_ss=r,Samsung
Téléphone portable Samsung E1207 KEYSTONE,14900.0,https/products/telephone-portable-samsung-e1207-keystone?_pos=12&_sid=8b9544996&_ss=r,Samsung
"Samsung Smart TV LED 43"" Full HD - UA43T5000AU - Noir - Garantie 1ANS",194900.0,https/products/samsung-smart-tv-led-43-full-hd-ua43t5000au-noir-garantie-1ans?_pos=13&_sid=8b9544996&_ss=r,Samsung
"Samsung Galaxy A05 - 4G - 2 SIM - 6.7"" - 6/128Go - 50Mpx - 5000 MAh - Noir",105000.0,https/products/copie-de-samsung-galaxy-a05-4g-2-sim-6-7-4-128go-50mpx-5000-mah-noir?_pos=14&_sid=8b9544996&_ss=r,Samsung
Samsung Galaxy S8 Plus - 6.2 Pouces - Pixel 12 Mpx - 1Sim - 4Go RAM - ROM 64 Go- Reconditionné- Garantie 1 Mois,174900.0,https/products/samsung-galaxy-s8-plus-5-8-12mpx-64-go-4-go-argent?_pos=15&_sid=8b9544996&_ss=r,Samsung
"Samsung Galaxy Tab A9 - 8.7"" - 4G - 8 Mpx - 8/128 Go - Graphite",144900.0,https/products/samsung-galaxy-tab-a9-8-7-4g-8-mpx-8-128-go-graphite?_pos=16&_sid=8b9544996&_ss=r,Samsung
"Samsung A04s - 4G - Dual Sim - 6,5"" - 3/32Go - 50/5 Mpx - 24 Mois Garantie",79900.0,https/products/samsung-a04s-4g-dual-sim-6-5-2-32go-50-5-mpx-24-mois-garantie?_pos=17&_sid=8b9544996&_ss=r,Samsung
"Samsung Galaxy A05 - 4G - 2 SIM - 6.7"" - 4/64Go - 50Mpx - 5000 MAh - Noir",54900.0,https/products/samsung-galaxy-a05-4g-2-sim-6-7-4-64go-50mpx-5000-mah-noir?_pos=18&_sid=8b9544996&_ss=r,Samsung
"Samsung Galaxy Tab S8 - 13"" - 8GO RAM/ 128Go - 5G - Android 12 - S Pen/ Clavier Inclus",690000.0,https/products/samsung-galaxy-tab-s8-ultra-14-6-8go-ram-128go-5g-android-12-s-pen-clavier-inclus?_pos=19&_sid=8b9544996&_ss=r,Samsung
SAMSUNG GALAXY Z FLIP 4 8GB/256GB GARANTIE 1AN,499900.0,https/products/samsung-galaxy-z-flip-4-12gb256gb-garantie-1an?_pos=20&_sid=8b9544996&_ss=r,Samsung
Samsung Galaxy A55 8/256gb 5G- GARANTIE 1 AN,264900.0,https/products/samsung-galaxy-a55-8-256gb-5g-garantie-1-an?_pos=21&_sid=8b9544996&_ss=r,Samsung
"TV LED 32"" Samsung - HD - HDMI - USB - Noir - 12 mois de garantie",124900.0,https/products/tv-led-32-samsung-hd-hdmi-usb-noir-12-mois-de-garantie?_pos=23&_sid=8b9544996&_ss=r,Samsung
Samsung Galaxy A04e - RAM 3Go - ROM 64Go - 5000mah,65000.0,https/products/samsung-galaxy-a04e-ram-3go-rom-64go-5000mah?_pos=24&_sid=8b9544996&_ss=r,Samsung
Samsung Galaxy A34 5G - 8GB RAM /128GB,199900.0,https/products/copie-de-samsung-galaxy-a34-5g-6gb-ram-128gb-noir?_pos=25&_sid=8b9544996&_ss=r,Samsung
"Samsung Galaxy A73 - Dual Sim - 6.7"" -108 Mpx - 128Go - 8Go - 5000mAh",300000.0,https/products/samsung-galaxy-a73-dual-sim-6-7-108-mpx-128go-8go-5000mah-vert?_pos=26&_sid=8b9544996&_ss=r,Samsung
"Samsung Galaxy A05s - 4G - 2 SIM - 6.7"" - 4/64 Go - 50Mpx - 5000 MAh",85000.0,https/products/samsung-galaxy-a05s-4g-2-sim-6-7-4-64-go-50mpx-5000-mah?_pos=27&_sid=8b9544996&_ss=r,Samsung
"Samsung Galaxy A25 - 6.5"" - 5G - Dual Sim - 50Mpx – 6Go - 128Go - 5000mAh",149900.0,https/products/samsung-galaxy-a25-6-5-5g-dual-sim-50mpx-6go-128go-5000mah?_pos=28&_sid=8b9544996&_ss=r,Samsung
"Samsung Galaxy A33 - 6.4"" - 5G - 6/128Go - 48mpx - 2xSim-Blanc Garantie 24 Mois",204900.0,https/products/samsung-galaxy-a33-6-4-5g-6-128go-48mpx-2xsim-blanc-garantie-24-mois?_pos=29&_sid=8b9544996&_ss=r,Samsung
"Samsung Galaxy A13 - 4G - 6.5"" - 4Go Ram/64Go Rom- 48Mpx - Garantie 1 AN",110000.0,https/products/copie-de-samsung-galaxy-a13-4g-6-5-4go-ram-128go-rom-48mpx-garantie-24-mois?_pos=30&_sid=8b9544996&_ss=r,Samsung
Samsung Galaxy A04e - RAM 3Go - ROM 32Go - 5000mah,56000.0,https/products/samsung-galaxy-a04e-ram-3go-rom-64go-5000mah-1?_pos=31&_sid=8b9544996&_ss=r,Samsung
Samsung Tab A9 Plus – 11’’ – 4Go/64Go – Bleu - 24 Mois De Garantie,180000.0,https/products/samsung-tab-a9-plus-11-4go-64go-bleu-24-mois-de-garantie?_pos=32&_sid=8b9544996&_ss=r,Samsung
"Samsung A04s - 4G - Dual Sim - 6,5"" - 4/128Go - 50/5 Mpx",99900.0,https/products/samsung-a04s-4g-dual-sim-6-5-4-128go-50-5-mpx?_pos=33&_sid=8b9544996&_ss=r,Samsung
Samsung Galaxy A34 5G - 6GB RAM /128GB NOIR,190000.0,https/products/samsung-galaxy-a34-5g-6gb-ram-128gb-noir?_pos=34&_sid=8b9544996&_ss=r,Samsung
Samsung Galaxy A04e - RAM 4Go - ROM 128Go - 5000mah,85000.0,https/products/copie-de-samsung-galaxy-a04e-ram-3go-rom-64go-5000mah?_pos=35&_sid=8b9544996&_ss=r,Samsung
"Samsung Galaxy A54 - Dual Sim - 5G -6.4""- 8/256 Go - 50 Mpx - 5000MAH",249900.0,https/products/samsung-galaxy-a54-dual-sim-5g-6-4-8-128-go-50-mpx-5000mah?_pos=36&_sid=8b9544996&_ss=r,Samsung
"Samsung Galaxy S23 Ultra Smartphone Android 5G/ 256 Go, Chargeur Secteur Rapide 25W Offert",779900.0,https/products/samsung-galaxy-s23-ultra-smartphone-android-5g-256-go-chargeur-secteur-rapide-25w-offert?_pos=37&_sid=8b9544996&_ss=r,Samsung
"Chargeur Samsung 1 Ultra Rapide Pour Samsung, Chargeur Telephone Cable Type C Pour Samsung S21, S21 Plus, S21 Ultra, S20 FE",9500.0,https/products/chargeur-samsung-1-ultra-rapide-pour-samsung-chargeur-telephone-cable-type-c-pour-samsung-s21-s21-plus-s21-ultra-s20-fe?_pos=38&_sid=8b9544996&_ss=r,Samsung
Samsung Galaxy S23 Smartphone Android 5G/ 256 Go Chargeur Secteur Rapide 25W Offert,509900.0,https/products/samsung-galaxy-s23-smartphone-android-5g-256-go-chargeur-secteur-rapide-25w-offert?_pos=39&_sid=8b9544996&_ss=r,Samsung
"Samsung Galaxy Tab A9 - 8.7"" - 4G - 8 Mpx - 4/64 Go - Graphite - Garantie 1 an",89900.0,https/products/samsung-galaxy-tab-a9-8-7-4g-8-mpx-8-128-go-graphite-1?_pos=40&_sid=8b9544996&_ss=r,Samsung
"Samsung Galaxy S21- 4G - 6.2"" - 8/128Go - 64Mpx - Noir",455000.0,https/products/samsung-galaxy-s21-4g-6-2-8-128go-64mpx-noir?_pos=41&_sid=8b9544996&_ss=r,Samsung
Téléphone Portable Samsung SM-B310 – KE00010,12900.0,https/products/telephone-portable-samsung-sm-b310-ke00010?_pos=42&_sid=8b9544996&_ss=r,Samsung
"Samsung Galaxy S24 -6.2""-8/128 Go- 5G - Noir",524900.0,https/products/samsung-galaxy-s24-6-2-8-256-go-5g-noir-1?_pos=43&_sid=8b9544996&_ss=r,Samsung
"Samsung Galaxy S9 - 5.8"" - 2x Sim - 4/64 Go - 12Mpx - Noir - Reconditionné- Garantie 1 Mois",159900.0,https/products/samsung-galaxy-s9-5-8-2x-sim-4-64-go-12mpx-garantie-24-mois?_pos=44&_sid=8b9544996&_ss=r,Samsung
TELEPHONE SAMSUNG GALAXY A55-5G-8RAM/128GB-5000MAH,245000.0,https/products/telephone-samsung-galaxy-a55-5g-8-128gb?_pos=45&_sid=8b9544996&_ss=r,Samsung
"Samsung Galaxy Tab A8 10,5"" Wifi 128gb garantie 1 an",259900.0,https/products/samsung-galaxy-tab-a8-10-5-wifi-128gb-garantie-1-an?_pos=46&_sid=8b9544996&_ss=r,Samsung
"Samsung Galaxy S24 Ultra -6.8""-12/256 Go 5G - Noir",894900.0,https/products/samsung-galaxy-s24-ultra-6-8-12-256-go-5g-noir?_pos=47&_sid=8b9544996&_ss=r,Samsung
Samsung Tab A9 Plus – 11’’ – 8Go/128Go – Bleu - 24 Mois De Garantie,205000.0,https/products/samsung-tab-a9-plus-11-4go-64go-bleu-24-mois-de-garantie-1?_pos=48&_sid=8b9544996&_ss=r,Samsung
"Samsung Galaxy S20+ / 4G (6,7 pouces - 128 Go - Double SIM) - Noir",510000.0,https/products/samsung-galaxy-s20-4g-6-7-pouces-128-go-double-sim-noir?_pos=49&_sid=8b9544996&_ss=r,Samsung
Samsung Galaxy S9 Plus - 1SIM - 6.2 Pouces - 64 Go/4 Go Ram- Garantie 1MOIS,169900.0,https/products/samsung-galaxy-s9-plus-1sim-6-2-pouces-64-go-4-go-ram-garantie-1mois?_pos=50&_sid=8b9544996&_ss=r,Samsung
"Samsung Galaxy A03 Core - 4G - 6.5"" - 2GB/32GB - 5/8Mpx - 2xSim",51900.0,https/products/samsung-galaxy-a03-core-4g-6-5-2gb-32gb-5-8mpx-2xsim-garantie-1-an?_pos=51&_sid=8b9544996&_ss=r,Samsung
Machine à Laver Samsung Automatique - 6 Kg - Blanc - Garantie 12 Mois,290000.0,https/products/machine-a-laver-samsung-automatique-6-kg-blanc-garantie-12-mois?_pos=52&_sid=8b9544996&_ss=r,Samsung
"Samsung Galaxy S23 Ultra Smartphone Android 5G/ 512Go, Chargeur Secteur Rapide 25W Offert",795000.0,https/products/samsung-galaxy-s23-ultra-smartphone-android-5g-512go-chargeur-secteur-rapide-25w-offert?_pos=53&_sid=8b9544996&_ss=r,Samsung
"Samsung Galaxy A24 – 6.6"" - 5G - Dual Sim - 50Mpx - 6Go – 128Go - 5000mAh – Noir - Garantie 24 Mois",139900.0,https/products/copie-de-samsung-galaxy-a24-6-6-5g-dual-sim-50mpx-6go-128go-5000mah-noir-garantie-24-mois?_pos=54&_sid=8b9544996&_ss=r,Samsung
"Samsung Galaxy A54 - Dual Sim - 5G -6.4""- 8/128 Go - 50 Mpx - 5000MAH",229900.0,https/products/samsung-galaxy-a54-dual-sim-5g-6-4-8-128-go-50-mpx-5000mah-1?_pos=55&_sid=8b9544996&_ss=r,Samsung
Samsung Galaxy S21 Ultra 5G - 12Go Ram / 128 Go garantie 1 an,349900.0,https/products/samsung-galaxy-s21-ultra-5g-12go-ram-128-go-garantie-1-an?_pos=56&_sid=8b9544996&_ss=r,Samsung
"Samsung Galaxy A25 - 6.5"" - 5G - Dual Sim - 50Mpx- 256Go - 5000mAh",169900.0,https/products/copie-de-samsung-galaxy-a25-6-5-5g-dual-sim-50mpx-6go-128go-5000mah?_pos=57&_sid=8b9544996&_ss=r,Samsung
"Samsung Galaxy A05 - 4G - 2 SIM - 6.7"" - 4/128Go - 50Mpx - 5000 MAh - Noir",72500.0,https/products/copie-de-samsung-galaxy-a05-4g-2-sim-6-7-4-64go-50mpx-5000-mah-noir?_pos=58&_sid=8b9544996&_ss=r,Samsung
"Samsung A04s - 4G - Dual Sim - 6,5"" - 4/64Go - 50/5 Mpx - 12 Mois Garantie",84900.0,https/products/samsung-a04s-4g-dual-sim-6-5-4-64go-50-5-mpx-24-mois-garantie?_pos=59&_sid=8b9544996&_ss=r,Samsung
"Samsung Galaxy S23 Smartphone Android 5G/ 128 Go, Chargeur Secteur Rapide 25W Offert",489900.0,https/products/samsung-galaxy-s23-smartphone-android-5g-128-go-chargeur-secteur-rapide-25w-offert?_pos=60&_sid=8b9544996&_ss=r,Samsung
"Samsung Galaxy A05s - 4G - 2 SIM - 6.7"" - 6/128 Go - 50Mpx - 5000 MAh",99900.0,https/products/copie-de-samsung-galaxy-a05s-4g-2-sim-6-7-4-128-go-50mpx-5000-mah?_pos=61&_sid=8b9544996&_ss=r,Samsung
"Samsung Galaxy A15 - 2 Sim - 5 -6.6""- 8/256Go - 50Mpx -  Garantie 1 an",125000.0,https/products/samsung-galaxy-a15-2-sim-4g-6-6-8-256go-50mpx-24-mois-de-garantie?_pos=62&_sid=8b9544996&_ss=r,Samsung
Samsung Galaxy Tab A8- 4G_4GB RAM / 64GB- 10.5 Pouces -1x Sim -7040mAh- Gris,189900.0,https/products/samsung-galaxy-tab-a8-4g_4gb-ram-64gb-10-5-pouces-1x-sim-7040mah-gris?_pos=63&_sid=8b9544996&_ss=r,Samsung
Samsung Galaxy Z Fold 3 - 5G - 1xSim - 6.2/7.6 Pouces - 256Go - GARANTIE 24 MOIS,730000.0,https/products/samsung-galaxy-z-fold-3-5g-1xsim-6-2-7-6-pouces-256go-garantie-24-mois?_pos=64&_sid=8b9544996&_ss=r,Samsung
Samsung TV Led - UA40J5000AK - 40 Pouces - DivX HD - USB - Noir,257500.0,https/products/samsung-tv-led-ua40j5000ak-40-pouces-divx-hd-usb-noir?_pos=65&_sid=8b9544996&_ss=r,Samsung
TV LED 55'' SAMSUNG/ SMART TV/ CRYSTAL UHD/ 138CM/ 4K UHD/ HDMI,480000.0,https/products/tv-led-55-samsung-smart-tv-crystal-uhd-138cm-4k-uhd-hdmi?_pos=66&_sid=8b9544996&_ss=r,Samsung
"Oraimo Power Bank Oraimo, Pour Xiaomi, Samsung, IPhone, Led Power Bank Avec 4 Câbles Intégrés, 50000mAh",55000.0,https/products/oraimo-power-bank-oraimo-pour-xiaomi-samsung-iphone-led-power-bank-avec-4-cables-integres-50000mah?_pos=67&_sid=8b9544996&_ss=r,Samsung
"Samsung Galaxy A35 - 5G - 2SIM - 6.6"" AMOLED - 13/50 Mpx - 8/256 Go - Bleu",220000.0,https/products/samsung-galaxy-a35-5g-2sim-6-6-amoled-13-50-mpx-8-256-go-bleu?_pos=68&_sid=8b9544996&_ss=r,Samsung
"Samsung Disque dur interne 970 EVO Plus MZ-V7S500BW | Disque SSD Interne NVMe M.2, 500 Go, Jusqu'à 3 500Mo/s en lecture",95000.0,https/products/samsung-disque-dur-interne-970-evo-plus-mz-v7s500bw-disque-ssd-interne-nvme-m-2-500-go-jusqua-3-500mo-s-en-lecture?_pos=69&_sid=8b9544996&_ss=r,Samsung
"XIAOMI Redmi Note 13 - 6.67"" - 4G - 6/128Go - 108Mpx - 5000mAh - Bleu - Garantie 12 Mois",130000.0,https/products/xiaomi-redmi-note-13-6-67-4g-8-128-go-108mpx-5000mah-bleu-garantie-12-mois-copie-copie?_pos=70&_sid=8b9544996&_ss=r,Samsung
"XIAOMI Redmi Note 13 - 6.67"" - 4G - 8/128 Go - 108Mpx - 5000mAh - Bleu - Garantie 12 Mois",119900.0,https/products/xiaomi-redmi-note-13-6-67-4g-6-128-go-108mpx-5000mah-bleu-garantie-12-mois-copie?_pos=71&_sid=8b9544996&_ss=r,Samsung
Infinix Smart 6 (3G) - 32Go + 2Go - 8MP - 5000 MAh - Noir - 12 Mois Garantie,64900.0,https/products/infinix-smart-6-3g-32go-2go-8mp-5000-mah-noir-12-mois-garantie?_pos=72&_sid=8b9544996&_ss=r,Samsung
"XIAOMI Redmi Note 11S - 6.43"" - 108 Mpx - 8/128 Go - 5000MAH",169900.0,https/products/xiaomi-redmi-note-11s-6-43-108-mpx-8-128-go-5000mah?_pos=73&_sid=8b9544996&_ss=r,Samsung
Tecno Pop 7 Pro 4G - 2 SIM - 6.6 Pouces - 64GB Rom + 4GB Ram - 5MP/13MP - 5000 MAh,61900.0,https/products/tecno-pop-7-pro-4g-2-sim-6-6-pouces-64gb-rom-4gb-ram-5mp-13mp-5000-mah?_pos=74&_sid=8b9544996&_ss=r,Samsung
"XIAOMI Redmi Note 13 - 6.67"" - 4G - 6/128 Go - 108Mpx - 5000mAh - Bleu - Garantie 12 Mois",104900.0,https/products/xiaomi-redmi-note-13-6-67-4g-6-128-go-108mpx-5000mah-bleu-garantie-12-mois?_pos=75&_sid=8b9544996&_ss=r,Samsung
"XIAOMI Redmi Note 11S - 6.43"" - 108 Mpx - 6/128 Go - 5000MAH",159900.0,https/products/xiaomi-redmi-note-11s-6-43-108-mpx-6-128-go-5000mah?_pos=76&_sid=8b9544996&_ss=r,Samsung
Tecno Pop 7 Pro 4G - 2 SIM - 6.6 Pouces - 64GB Rom + 3GB Ram - 5MP/13MP - 5000 MAh,58300.0,https/products/tecno-pop-7-pro-4g-2-sim-6-6-pouces-64gb-rom-3gb-ram-5mp-13mp-5000-mah?_pos=77&_sid=8b9544996&_ss=r,Samsung
Energizer Wall Charger 20W Multi Plug + USB Type-C Cable A20MUC,14900.0,https/products/energizer-wall-charger-20w-multi-plug-usb-type-c-cable-a20muc?_pos=78&_sid=8b9544996&_ss=r,Samsung
Toner Compatible HP 78A - Polytoner - 2100 Pages,6500.0,https/products/polytoner-toner-compatible-hp-78a-polytoner-2100-pages?_pos=79&_sid=8b9544996&_ss=r,Samsung
POWER BANK ENERGIZER 30000MAH UE30057PQ,32500.0,https/products/power-bank-energizer-30000mah-ue30057pq?_pos=80&_sid=8b9544996&_ss=r,Samsung
MINI Groupe Electrogène ENERGIZER 72000 MAH,299900.0,https/products/mini-groupe-electrogene-energizer-72000-mah?_pos=81&_sid=8b9544996&_ss=r,Samsung
ENERGIZER WIRELESS ULTIMATE POWER BANK  UE20011PQ 20000MAH/74WH,36900.0,https/products/energizer-wireless-ultimate-power-bank-ue20011pq?_pos=82&_sid=8b9544996&_ss=r,Samsung
Energizer Wall Charger 38W Multi Plug PD QC3.0 + USB Type-C Cable A38QMUC,17500.0,https/products/energizer-wall-charger-38w-multi-plug-pd-qc3-0-usb-type-c-cable-a38qmuc?_pos=83&_sid=8b9544996&_ss=r,Samsung
POWER BANK ENERGIZER 10000MAH UE10063PQ,19900.0,https/products/power-bank-energizer-10000mah-ue10063pq?_pos=84&_sid=8b9544996&_ss=r,Samsung
Samsung Galaxy A15 4G RAM 4Go - ROM 128Go,99000.0,https/products/samsung-galaxy-a15-4g-ram-6go-rom-128go?_pos=85&_sid=8b9544996&_ss=r,Samsung
"Samsung Galaxy A23 – 6.6"" - 5G - Dual Sim - 50Mpx - 4Go - 128Go – 5000mAh – Noir",142900.0,https/products/samsung-galaxy-a23-6-6-5g-dual-sim-50mpx-4go-128go-5000mah-noir?_pos=86&_sid=8b9544996&_ss=r,Samsung
"Samsung Galaxy A3 Core - 5.3"" - 8MP - 16Go - 1Go  - Garantie 24 Mois",58000.0,https/products/samsung-galaxy-a3-core-5-3-8mp-16go-1go-garantie-24-mois?_pos=87&_sid=8b9544996&_ss=r,Samsung
Samsung Galaxy S8 Plus - 6.2'' - 4G LTE - 4Go Ram - 64 Go ROM - 12 Mpx,150000.0,https/products/samsung-galaxy-s8-plus-6-2-4g-lte-4go-ram-64-go-rom-12-mpx?_pos=88&_sid=8b9544996&_ss=r,Samsung
"Samsung Galaxy S8 - 5.8"" - 12Mpx - 64 Go - 4 Go - Reconditionné- Garantie 1 Mois",109900.0,https/products/samsung-galaxy-s8-5-8-12mpx-64-go-4-go-argent-1?_pos=89&_sid=8b9544996&_ss=r,Samsung
"Samsung Galaxy A03 - 4G - 6.5"" - 3Go - 32Go - 48Mpx - 5000 MAh - Noir - 12 Mois de garantie",75000.0,https/products/samsung-galaxy-a03-4g-6-5-3go-32go-48mpx-5000-mah-noir-12-mois-de-garantie?_pos=90&_sid=8b9544996&_ss=r,Samsung
"Samsung Galaxy A24 – 6.6"" - 5G - Dual Sim - 50Mpx - 4Go – 128Go - 5000mAh – Noir - Garantie 24 Mois",129900.0,https/products/samsung-galaxy-a24-6-6-5g-dual-sim-50mpx-4go-128go-5000mah-noir-garantie-24-mois?_pos=91&_sid=8b9544996&_ss=r,Samsung
"Samsung Galaxy A53 – 6.64"" - 5G - Dual Sim - 64Mpx - 6/128 Go - 5000mAh",250000.0,https/products/samsung-galaxy-a53-6-64-5g-dual-sim-64mpx-8-128-go-5000mah?_pos=92&_sid=8b9544996&_ss=r,Samsung
Tecno Pop 6 Go - 6'' HD+ - 2/32Go - 4G - 5Mpx - 4000mAh,64900.0,https/products/tecno-pop-6-go-6-hd-2-32go-4g-5mpx-4000mah?_pos=96&_sid=8b9544996&_ss=r,Samsung
"Infinix HOT 12i - 4G - 2 SIM - 6,6"" - 2Go Ram + 64Go Rom - 8Mpx/13Mpx - 5000 MAh",72900.0,https/products/copie-de-infinix-hot-12i-4g-2-sim-6-6-2go-ram-64go-rom-8mpx-13mpx-5000-mah?_pos=97&_sid=8b9544996&_ss=r,Samsung
Apple IPhone 13 128Go,329900.0,https/products/apple-iphone-13-128go?_pos=1&_sid=6a9c70ca9&_ss=r,iphone
Apple IPhone 14 Pro 256 Go,580000.0,https/products/apple-iphone-14-pro-256-go?_pos=2&_sid=6a9c70ca9&_ss=r,iphone
Apple iPhone 12 Pro Max 128 Go,350000.0,https/products/apple-iphone-12-pro-max-128-go?_pos=3&_sid=6a9c70ca9&_ss=r,iphone
"Apple Iphone 11 - 6.1"" - 12MP - 64Go/4go",169900.0,https/products/apple-iphone-11-6-1-12mp-64go-4go-3110-mah-garantie-1-mois-reconditionne?_pos=4&_sid=6a9c70ca9&_ss=r,iphone
Apple iPhone 12 Pro Max 256 Go,369900.0,https/products/apple-iphone-12-pro-max-128-go-1?_pos=5&_sid=6a9c70ca9&_ss=r,iphone
Apple IPhone 14 SIMPLE  128 Go,461900.0,https/products/apple-iphone-14-pro-256-go-2?_pos=6&_sid=6a9c70ca9&_ss=r,iphone
"Apple Iphone 11 - 6.1"" - 12MP - 64Go/4Go- garantie 1 MOIS - RECONDITIONNE",169900.0,https/products/copie-de-apple-iphone-11-6-1-12mp-64go-4go-garantie-1-mois?_pos=7&_sid=6a9c70ca9&_ss=r,iphone
"Apple Iphone 15 - 5G - 6.1"" -128 Go - 48 Mpx",474900.0,https/products/apple-iphone-15-5g-6-1-6-128-go-48-mpx-1?_pos=8&_sid=6a9c70ca9&_ss=r,iphone
Apple IPhone 13 128Go ORIGINAL- GARANTIE 2 ANS + Adaptateur offert,399900.0,https/products/apple-iphone-13-128go-copie?_pos=9&_sid=6a9c70ca9&_ss=r,iphone
"Apple IPhone 13 Pro Max - 6.7 "" - 256Go  - 12 Mpx 5G",499900.0,https/products/apple-iphone-13-pro-max-6-7-256go-12-mpx?_pos=10&_sid=6a9c70ca9&_ss=r,iphone
Apple IPhone 14 Pro 128 Go,639900.0,https/products/apple-iphone-14-pro-256-go-1?_pos=11&_sid=6a9c70ca9&_ss=r,iphone
Apple IPhone 14 SIMPLE  128 Go ORIGINAL- GARANTIE 2 ANS + Adaptateur offert,464900.0,https/products/apple-iphone-14-simple-128-go-copie?_pos=12&_sid=6a9c70ca9&_ss=r,iphone
"Apple IPHONE 15 PRO –128GB - 5G – 6,1‘’",650000.0,https/products/apple-iphone-15-pro-128gb-5g-6-1-original-garantie-1-an-copie?_pos=13&_sid=6a9c70ca9&_ss=r,iphone
Apple IPhone 14 Pro 256 Go original garantie 1 an,624900.0,https/products/apple-iphone-14-pro-256-go-copie?_pos=14&_sid=6a9c70ca9&_ss=r,iphone
Apple IPhone 11 Pro – 4G - 12 Mpx – 5.8’’- 4Go RAM/64 Go,215000.0,https/products/apple-iphone-11-pro-4g-12-mpx-5-8-4go-ram-64-go-rom-reconditionne-garantie-1-mois?_pos=15&_sid=6a9c70ca9&_ss=r,iphone
Apple IPhone 14 Pro MAX 128gb,610000.0,https/products/apple-iphone-14-pro-max-256-black-color-1?_pos=16&_sid=6a9c70ca9&_ss=r,iphone
"Apple IPhone XR- 6.1""- 128Go ROM- IOS 12- 12 Mpx- 4G -Reconditionné",199900.0,https/products/apple-iphone-xr-6-1-128go-rom-ios-12-12-mpx-4g-reconditionne?_pos=17&_sid=6a9c70ca9&_ss=r,iphone
"Apple IPhone XR- 6.1""-3Go RAM- 64 Go ROM- IOS 12- 12 Mpx- 4G -Reconditionné",134900.0,https/products/apple-iphone-xr-6-1-128-go-ios-12-12-mpx-4g-reconditionne-blanc-garantie-12-mois?_pos=18&_sid=6a9c70ca9&_ss=r,iphone
"Apple IPhone 13 Pro Max - 6.7 "" - 128 Go  - 12 Mpx - 5G",464900.0,https/products/apple-iphone-13-pro-max-6-7-128-go-12-mpx-12-mpx-5g?_pos=19&_sid=6a9c70ca9&_ss=r,iphone
"Apple IPhone Xs – 5.8"" - 4G - 64Go - RAM 4Go - 12Mpx - ID Face – Reconditionné - Garantie 1 Mois",189900.0,https/products/apple-iphone-xs-5-8-4g-64go-ram-4go-12mpx-id-face-or-reconditionne-garantie-12-mois?_pos=20&_sid=6a9c70ca9&_ss=r,iphone
Apple IPhone 11 Pro Max – 4G - 12 Mpx – 6.5’’- 256 Go - RECONDITIONNE,275000.0,https/products/apple-iphone-11-pro-max-4g-12-mpx-6-5-4-64-go?_pos=21&_sid=6a9c70ca9&_ss=r,iphone
Apple IPhone 11 Pro – 4G - 12 Mpx – 5.8’’- 256Go ROM –Reconditionné- Garantie 1 Mois,249900.0,https/products/apple-iphone-11-pro-4g-12-mpx-5-8-256go-rom-reconditionne-garantie-1-mois?_pos=22&_sid=6a9c70ca9&_ss=r,iphone
Apple IPhone 11 – 4G - 12 Mpx – 6.1’’- 4Go RAM/64 Go ROM- Reconditionné- Garantie 1 Mois,164900.0,https/products/apple-apple-iphone-11-64-go-noir?_pos=23&_sid=6a9c70ca9&_ss=r,iphone
Apple iPhone 7 Plus - 5.5 Pouces - 32 Go - 3 Go -  12 Mégapixels - Reconditionné - Garantie 1 Mois,84900.0,https/products/apple-iphone-7-plus-5-5-pouces-32-go-3-go-dual-12-megapixels-or?_pos=24&_sid=6a9c70ca9&_ss=r,iphone
Apple IPhone X - 4G LTE - 5.8 Pouces - 3Go Ram - 64Go ROM+ECOUTEUR BLUETOOTH OFFERT,114900.0,https/products/apple-iphone-x-4g-lte-5-8-pouces-3go-ram-256go-rom-reconditionne-gris-saliver-garantie-06-mois?_pos=25&_sid=6a9c70ca9&_ss=r,iphone
Apple Iphone 6 - 4.7 Pouces - 1Go Ram - 16 GB - 8 MP - 4G Reconditionné,49900.0,https/products/apple-iphone-6-4-7-pouces-1go-ram-16-gb-8-mp-4g-gold?_pos=26&_sid=6a9c70ca9&_ss=r,iphone
"Apple iPhone XS Max 256 Go 6,5"" Or - Reconditionné -Garantie 12 Mois",300000.0,https/products/apple-iphone-xs-max-256-go-6-5-or-garantie-12-mois?_pos=27&_sid=6a9c70ca9&_ss=r,iphone
"Apple IPHONE 15 PRO –256GB - 5G – 6,1‘’  – Naturelle",750000.0,https/products/apple-iphone-15-pro-6-256gb-5g-6-1-afe-naturelle?_pos=28&_sid=6a9c70ca9&_ss=r,iphone
Apple IPhone 13 Pro - 6.1 - 256Go -12 Mpx - 5G,439900.0,https/products/apple-iphone-13-pro-6-1-256go-12-mpx-5g?_pos=29&_sid=6a9c70ca9&_ss=r,iphone
"Apple IPhone 7 Plus - 5.5"" - 4G - 3 Go/128Go - 12Mpx - Reconditionné - Garantie 1 Mois",159900.0,https/products/apple-iphone-7-plus-128go-or-garantie-12-mois?_pos=30&_sid=6a9c70ca9&_ss=r,iphone
Apple iPhone XS 64  - reconditionné GARANTIE 1 MOIS,189900.0,https/products/apple-iphone-xs-256-go-reconditionne-gris-sideral-garantie-12-mois?_pos=31&_sid=6a9c70ca9&_ss=r,iphone
Apple IPhone 7-4.7 Pouces - 4G LTE -32 Go ROM- 2 Go RAM- 12Mpx  Reconditionné- Garantie 1 Mois,119900.0,https/products/apple-iphone-7-4-7-pouces-4g-lte-128-go-rom-2-go-ram-12mpx-reconditionne-noir-garantie-12-mois?_pos=32&_sid=6a9c70ca9&_ss=r&variant=29936791486543,iphone
"Apple Iphone 12 – 6,1’’ – 4G – 128 Go – 12 Mpx",239900.0,https/products/apple-iphone-12-6-1-4g-4-64-go-12-mpx-1?_pos=33&_sid=6a9c70ca9&_ss=r,iphone
Apple IPhone 6 - 4.7 Pouces - 1 Go Ram - 16 Go - 8 MP - 4G  -Reconditionné - garantie 1 Mois,44900.0,https/products/apple-iphone-6-4-7-pouces-1-go-ram-16-go-8-mp-4g-or-garantie-12-mois?_pos=34&_sid=6a9c70ca9&_ss=r,iphone
"Apple IPhone Xs Max - 6.5"" - 4G - 64Go - 4Go RAM – 12Mpx - ID Face - Garantie 1 Mois",199900.0,https/products/apple-iphone-xs-max-64-go-gris-garantie-12-mois?_pos=35&_sid=6a9c70ca9&_ss=r,iphone
Apple IPhone 6 - 4.7 Pouces - 1 Go Ram - 64 Go - 8 MP - 4G + ECOUTEUR BLUETOOTH OFFERT - garantie 1 Mois,54900.0,https/products/apple-iphone-6-4-7-pouces-1-go-ram-64-go-8-mp-4g-or-garantie-12-mois?_pos=36&_sid=6a9c70ca9&_ss=r,iphone
"Apple Iphone 15 - 5G - 6.1"" - 8/256 Go - 48 Mpx",610000.0,https/products/apple-iphone-15-5g-6-1-6-128-go-48-mpx?_pos=37&_sid=6a9c70ca9&_ss=r,iphone
"Apple IPHONE 15 PRO MAX – 256GB - 5G – 6,1‘’ ORIGINAL GARANTIE  2 ANS + Adaptateur offert",791900.0,https/products/apple-iphone-15-pro-max-6-256gb-5g-6-1-bleu?_pos=38&_sid=6a9c70ca9&_ss=r,iphone
Apple IPhone 14 Pro MAX (256) - Black Color,640000.0,https/products/apple-iphone-14-pro-max-256-black-color?_pos=39&_sid=6a9c70ca9&_ss=r,iphone
"Apple IPHONE 15 PRO MAX – 256GB -NATUREL 5G – 6,1‘’ ORIGINAL GARANTIE  1 AN",769900.0,https/products/apple-iphone-15-pro-max-256gb-5g-6-1-garantie-1-an-copie?_pos=40&_sid=6a9c70ca9&_ss=r,iphone
"Apple IPhone 6s- 5.5"" - 1Go Ram - 64Go Rom - 8 Mpx -Reconditionné - 1 Mois garantie",94900.0,https/products/apple-iphone-6s-5-5-1go-ram-64go-rom-8-mpx-gris-sideral-garantie-12-mois?_pos=41&_sid=6a9c70ca9&_ss=r,iphone
Oraimo Chargeur Oraimo Firefly 3 OCW-E66S+C53 BLANC-IPHONE,4900.0,https/products/oraimo-chargeur-oraimo-firefly-3-ocw-e66s-c53-blanc-iphone?_pos=42&_sid=6a9c70ca9&_ss=r,iphone
"Apple Iphone 12 – 6,1’’ – 4G – 4/64 Go – 12 Mpx-RECONDITIONNE",219900.0,https/products/apple-iphone-12-6-1-4g-4-64-go-12-mpx?_pos=43&_sid=6a9c70ca9&_ss=r,iphone
Apple IPhone 11 Pro Max – 4G - 12 Mpx – 6.5’’- 4/64 Go – Reconditionné - Garantie 1 Mois,254900.0,https/products/apple-iphone-11-pro-max-4g-12-mpx-6-5-4-64-go-reconditionne-garantie-1-mois?_pos=44&_sid=6a9c70ca9&_ss=r,iphone
Apple iPhone 7 Plus - 5.5 Pouces - 32 Go - 3 Go -  12 Mégapixels - Reconditionné - Garantie 1 Mois,124900.0,https/products/copie-de-apple-iphone-7-plus-5-5-pouces-32-go-3-go-12-megapixels-reconditionne-garantie-1-mois?_pos=45&_sid=6a9c70ca9&_ss=r,iphone
Apple IPhone 6 Plus - 5.5'' -4G LTE - 64Go ROM - 1Go RAM - 8Mpx Reconditionné - Garantie 1 Mois,74900.0,https/products/apple-iphone-6-plus-5-5-4g-lte-64go-rom-1go-ram-8mpx-reconditionne-garantie-12-mois?_pos=46&_sid=6a9c70ca9&_ss=r,iphone
Apple IPhone 13 Pro - 6.1 - 128 Go -12 Mpx - 5G,399900.0,https/products/apple-iphone-13-pro-6-1-128-go-12-mpx-12-mpx-5g?_pos=47&_sid=6a9c70ca9&_ss=r,iphone
"Apple IPHONE 15 PRO MAX – 256GB - 5G – 6,1‘’ GARANTIE  1 AN",870000.0,https/products/apple-iphone-15-pro-max-256gb-5g-6-1-garantie-an-copie?_pos=48&_sid=6a9c70ca9&_ss=r,iphone
"Apple IPhone 12 Pro- 6,1"" 128Go Rom GARANTIE 1 MOIS - RECONDITIONNE",289900.0,https/products/apple-iphone-12-pro-6-1-6go-ram-128go-rom-garantie-12-mois?_pos=49&_sid=6a9c70ca9&_ss=r,iphone
"Apple IPHONE 15 PRO MAX – 512GB - 5G – 6,1‘’ ORIGINAL GARANTIE  1 AN",919900.0,https/products/apple-iphone-15-pro-max-256gb-5g-6-1-original-garantie-1-an-copie?_pos=50&_sid=6a9c70ca9&_ss=r,iphone
"Oraimo Power Bank Oraimo, Pour Xiaomi, Samsung, IPhone, Led Power Bank Avec 4 Câbles Intégrés, 50000mAh",55000.0,https/products/oraimo-power-bank-oraimo-pour-xiaomi-samsung-iphone-led-power-bank-avec-4-cables-integres-50000mah?_pos=51&_sid=6a9c70ca9&_ss=r,iphone
"Apple IPHONE 15 PRO –128GB - 5G – 6,1‘’  – ORIGINAL- GARANTIE 2 ANS + Adaptateur offert",699900.0,https/products/apple-iphone-15-pro-256gb-5g-6-1-original-garantie-1-an-copie?_pos=52&_sid=6a9c70ca9&_ss=r,iphone
"Apple IPHONE 15 PRO –256GB - 5G – 6,1‘’  – ORIGINAL- GARANTIE 1 AN",709900.0,https/products/apple-iphone-15-pro-256gb-5g-6-1-naturelle-copie?_pos=53&_sid=6a9c70ca9&_ss=r,iphone
Apple IPhone X - 4G LTE - 5.8 Pouces - 3Go Ram - 64Go Rom - 12 Mpx Reconditionné -Garantie 1 Mois,109900.0,https/products/apple-iphone-x-64go-gris-sideral?_pos=54&_sid=6a9c70ca9&_ss=r,iphone
ENERGIZER MAX WIRLESS CHARGER WCP119,13500.0,https/products/energizer-max-wirless-charger-wcp119?_pos=55&_sid=6a9c70ca9&_ss=r,iphone
Energizer Wall Charger 38W Multi Plug PD QC3.0 + USB Type-C Cable A38QMUC,17500.0,https/products/energizer-wall-charger-38w-multi-plug-pd-qc3-0-usb-type-c-cable-a38qmuc?_pos=56&_sid=6a9c70ca9&_ss=r,iphone
Energizer Wall Charger 20W Multi Plug + USB Type-C Cable A20MUC,14900.0,https/products/energizer-wall-charger-20w-multi-plug-usb-type-c-cable-a20muc?_pos=57&_sid=6a9c70ca9&_ss=r,iphone
Calus Caméra De Surveillance Wifi Sans Fil Q6X,9900.0,https/products/calus-camera-de-surveillance-wifi-sans-fil-q6x?_pos=58&_sid=6a9c70ca9&_ss=r,iphone
Imprimante Multifonction Laser Couleur HP LaserJet Pro M183fw (7KW56A),274000.0,https/products/imprimante-multifonction-laser-couleur-hp-laserjet-pro-m183fw-7kw56a?_pos=59&_sid=6a9c70ca9&_ss=r,iphone
Oraimo MagPower OWP-500 - Power Bank à Induction 5000mAh,29900.0,https/products/oraimo-magpower-owp-500-power-bank-a-induction-5000mah?_pos=60&_sid=6a9c70ca9&_ss=r,iphone
Hp LaserJet Pro MFP M28a- Imprimante Multifonction - Blanc,112900.0,https/products/hp-laserjet-pro-mfp-m28a-imprimante-multifonction-blanc?_pos=61&_sid=6a9c70ca9&_ss=r,iphone
"Samsung Smart TV LED - 32"" HD - UA32T5300AU- Noir - 12Mois de Garantie",109900.0,https/products/samsung-smart-tv-led-32-hd-ua32t5300au-noir-24-mois-de-garantie?_pos=62&_sid=6a9c70ca9&_ss=r,iphone
HP LaserJet Pro MFP M227fdw Imprimante multifonction laser 4-en-1 recto/verso automatique (USB 2.0/Ethernet/Wi-fi/NFC),299900.0,https/products/hp-laserjet-pro-mfp-m227fdw-imprimante-multifonction-laser-4-en-1-recto-verso-automatique-usb-2-0-ethernet-wi-fi-nfc?_pos=63&_sid=6a9c70ca9&_ss=r,iphone
TV LED 55'' SAMSUNG/ SMART TV/ CRYSTAL UHD/ 138CM/ 4K UHD/ HDMI,480000.0,https/products/tv-led-55-samsung-smart-tv-crystal-uhd-138cm-4k-uhd-hdmi?_pos=64&_sid=6a9c70ca9&_ss=r,iphone
Imprimante à réservoir d'encre Epson EcoTank L6490 A4,364900.0,https/products/imprimante-a-reservoir-dencre-epson-ecotank-l6490-a4?_pos=65&_sid=6a9c70ca9&_ss=r,iphone
Apple IPhone 6s - 4.7''  Pouces - 4G LTE - 16 Go - 2Go RAM- 12Mpx - Reconditionné -Garantie 1 Mois,65000.0,https/products/apple-iphone-6s-plus-5-5-pouces-4g-lte-16-go-2go-ram-12mpx-or-reconditionne-garantie-12-mois?_pos=66&_sid=6a9c70ca9&_ss=r,iphone
"Energizer Ultimate Fast Charging Power Bank 10000mAH, Power Delivery 3.0 for iPhones, 22.5W UE10024PQ-BK",21500.0,https/products/energizer-ultimate-fast-charging-power-bank-10000mah-power-delivery-3-0-for-iphones-22-5w-ue10024pq-bk?_pos=67&_sid=6a9c70ca9&_ss=r,iphone
Powerbank OLA PB001 - 20000 mah - 2 câbles intégrés - USB Charger ( IOS et Android)- Garantie 1 AN,14900.0,https/products/powerbank-ola-pb001-20000-mah-2-cables-integres-usb-charger-ios-et-android-garantie-1-an?_pos=68&_sid=6a9c70ca9&_ss=r,iphone
Camera de surveillance  WIFI  CALUS Q7S,9900.0,https/products/camera-de-surveillance-wifi-calus-q7s?_pos=69&_sid=6a9c70ca9&_ss=r,iphone
Barre De Son Bluetooth SMART TECHNOLOGY Avec Woofer - STHA-999M - Haute Performance - Noir,39900.0,https/products/barre-de-son-bluetooth-smart-technology-avec-woofer-stha-999m-haute-performance-noir?_pos=70&_sid=6a9c70ca9&_ss=r,iphone
"XIAOMI Redmi 10A - 4G - 6.53"" - 3/32Go - 13Mpx - 5000mAh",75000.0,https/products/xiaomi-redmi-10a-4g-6-53-4-128-go-13mpx-5000mah-2?_pos=1&_sid=f322725c1&_ss=r,Xiaomi
Xiaomi Mi Speaker Bluetooth (16W),25000.0,https/products/xiaomi-mi-speaker-bluetooth-16w?_pos=2&_sid=f322725c1&_ss=r,Xiaomi
"Redmi XIAOMI Redmi NOTE 11 PRO - 6,67"" - 6GB RAM 128GB ROM",192000.0,https/products/redmi-xiaomi-redmi-note-11-pro-6-67-6gb-ram-128gb-rom?_pos=3&_sid=f322725c1&_ss=r,Xiaomi
"XIAOMI Redmi 10A - 4G - 6.53"" - 3/64Go - 13Mpx - 5000mAh",90000.0,https/products/xiaomi-redmi-10a-4g-6-53-4-128-go-13mpx-5000mah-1?_pos=4&_sid=f322725c1&_ss=r,Xiaomi
"XIAOMI Redmi 10A - 4G - 6.53"" - 4/128 Go - 13Mpx - 5000mAh",102900.0,https/products/xiaomi-redmi-10a-4g-6-53-4-128-go-13mpx-5000mah?_pos=5&_sid=f322725c1&_ss=r,Xiaomi
Xiaomi Redmi 12- 4G- 4/128 Go- 50/8mpx-5000Mah,105000.0,https/products/xiaomi-redmi-12-4g-4-128-go-50-8mpx-5000mah-1?_pos=6&_sid=f322725c1&_ss=r,Xiaomi
Xiaomi Type A to Type C  (1M) Cable  white / black,6500.0,https/products/xiaomi-type-a-to-type-c-1m-cable-white-black?_pos=7&_sid=f322725c1&_ss=r,Xiaomi
"XIAOMI Redmi Note 13 - 6.67"" - 4G - 6/128Go - 108Mpx - 5000mAh - Bleu - Garantie 12 Mois",130000.0,https/products/xiaomi-redmi-note-13-6-67-4g-8-128-go-108mpx-5000mah-bleu-garantie-12-mois-copie-copie?_pos=8&_sid=f322725c1&_ss=r,Xiaomi
XIAOMI REDMI A2+ - DUAL SIM - 3GB/64GB,59900.0,https/products/xiaomi-redmi-a2-dual-sim-2gb-32gb?_pos=9&_sid=f322725c1&_ss=r,Xiaomi
XIAOMI Mi USB Type C To C Cable 1.5M,6500.0,https/products/xiaomi-mi-usb-type-c-to-c-cable-1-5m?_pos=10&_sid=f322725c1&_ss=r,Xiaomi
Huawei nova 9 SE 8GB/128GB,169900.0,https/products/huawei-nova-9-se-8gb-128gb?_pos=1&_sid=f369ff8b3&_ss=r,huawei
Tablette Huawei MatePad 10.4 3GB Ram - 32GB Rom,109900.0,https/products/tablette-huawei-matepad-10-4-3gb-ram-32gb-rom?_pos=2&_sid=f369ff8b3&_ss=r,huawei
HUAWEI Y7 128Go de mémoire- 4GB RAM dual sim,64900.0,https/products/huawei-y7-32go-de-memoire-3gb-ram-dual-sim?_pos=3&_sid=f369ff8b3&_ss=r,huawei
"Huawei P30 Lite - 4G LTE - 6,15"" - 24Mpx - 6Go - 128Go - Noir",144900.0,https/products/huawei-p30-lite-4g-lte-6-15-24mpx-6go-128go-noir?_pos=4&_sid=f369ff8b3&_ss=r,huawei
"Huawei MatePad T 10S 4GB RAM, 64GB",144900.0,https/products/huawei-matepad-t-10s-4gb-ram-64gb?_pos=5&_sid=f369ff8b3&_ss=r,huawei
Mini drone – DJOK - Amateur – Double Caméra 1080P non compatible sur HUAWEI et  TECNO,18500.0,https/products/mini-drone-djok-amateur-double-camera-1080p?_pos=6&_sid=f369ff8b3&_ss=r,huawei
"Huawei P30 Lite Nouvelle Edition - 6,15"" - 24 Mpx - 4Go - 128 Go - Noir",135000.0,https/products/huawei-p30-lite-nouvelle-edition-6-15-24-mpx-4go-128-go-noir?_pos=7&_sid=f369ff8b3&_ss=r,huawei
smartphone HONOR X7B 8GB RAM 256GB ROM-DUAL SIM-108MP,109900.0,https/products/smartphone-honor-x7b-8gb-ram-256gb-rom-dual-sim-108mp?_pos=8&_sid=f369ff8b3&_ss=r,huawei
POWER BANK ENERGIZER 30000MAH UE30057PQ,32500.0,https/products/power-bank-energizer-30000mah-ue30057pq?_pos=9&_sid=f369ff8b3&_ss=r,huawei
ENERGIZER WIRELESS ULTIMATE POWER BANK  UE20011PQ 20000MAH/74WH,36900.0,https/products/energizer-wireless-ultimate-power-bank-ue20011pq?_pos=10&_sid=f369ff8b3&_ss=r,huawei
POWER BANK ENERGIZER 10000MAH UE10063PQ,19900.0,https/products/power-bank-energizer-10000mah-ue10063pq?_pos=11&_sid=f369ff8b3&_ss=r,huawei
HUAWEI Y6 Prime 32Go de mémoire-3GB RAM DUAL SIM,54900.0,https/products/huawei-y6-prime-32go-de-memoire-3gb-ram-dual-sim?_pos=12&_sid=f369ff8b3&_ss=r,huawei
"Huawei Y6s (2019) - 6,09"" - 13MP - 64GB ROM - 3GB RAM- Garantie 12 Mois",89900.0,https/products/huawei-y6s-2019-6-09-13mp-64gb-rom-3gb-ram?_pos=13&_sid=f369ff8b3&_ss=r,huawei
Powerbank OLA PB001 - 20000 mah - 2 câbles intégrés - USB Charger ( IOS et Android)- Garantie 1 AN,14900.0,https/products/powerbank-ola-pb001-20000-mah-2-cables-integres-usb-charger-ios-et-android-garantie-1-an?_pos=15&_sid=f369ff8b3&_ss=r,huawei
"Tecno Tecno. Pop 9 - 6,67"" - 64Go Rom - (3+3)Go Ram - Dual Sim - 13MP - 5000MAH*",53500.0,https/products/tecno-tecno-pop-9-6-67-64go-rom-3-3go-ram-dual-sim-13mp-5000mah?_pos=1&_sid=f8f2cbbbd&_ss=r,tecno
Tecno SPARK 8C 2GB/64GB,69900.0,https/products/tecno-spark-8c?_pos=2&_sid=f8f2cbbbd&_ss=r,tecno
Tecno Spark 20 Pro Plus 8gb ram / 256Go rom 5000mAh,154900.0,https/products/tecno-spark-20-pro-plus-rom-256go-ram-8go-5000mah?_pos=3&_sid=f8f2cbbbd&_ss=r,tecno
Tecno SPARK 8C -3GB/64GB,79900.0,https/products/copie-de-tecno-spark-8c-3gb-64gb?_pos=4&_sid=f8f2cbbbd&_ss=r,tecno
Tecno Camon 30 Pro 512Gb ram12,299900.0,https/products/tecno-camon-30-pro-512gb-ram12?_pos=5&_sid=f8f2cbbbd&_ss=r,tecno
Tecno Pop 8 64Go/3GB Ram - 4G LTE –  6.6 pouces,54900.0,https/products/tecno-pop-8-128go-4-4gb-ram-4g-lte-noir-1?_pos=6&_sid=f8f2cbbbd&_ss=r,tecno
"Tecno CAMON 20 PRO - 6.68""- 8 Go - 256Go - 64Mpx - 5000 MAh",134900.0,https/products/tecno-camon-20-pro-6-68-8-go-256go-64mpx-5000-mah-gadget-offert?_pos=7&_sid=f8f2cbbbd&_ss=r,tecno
"Tecno Spark 9 Pro - 6.6"" - 4G - 2 SIM - 4Go RAM + 128Go ROM -  5000 MAh",119900.0,https/products/tecno-tecno-spark-9-pro-6-6-4g-2-sim-4go-ram-128go-rom-5000-mah?_pos=8&_sid=f8f2cbbbd&_ss=r,tecno
"Tecno Spark 20 - 6,6"" - 4G - 4/128 Go - 5000 MAh - 50Mpx - Noir",74900.0,https/products/tecno-spark-20-6-6-4g-4-128-go-5000-mah-50mpx-noir?_pos=9&_sid=f8f2cbbbd&_ss=r,tecno
Tecno Pop 8 -128Go- [4+4]GB Ram - 4G LTE – Noir,67000.0,https/products/tecno-pop-8-128go-4-4gb-ram-4g-lte-noir?_pos=10&_sid=f8f2cbbbd&_ss=r,tecno
"Tecno Pop 8 - 6,6'' - 4G - 2 Sim - 2/64 Go - 13Mpx - 4G LTE - 5000mAh – Blanc - 12 Mois De Garantie",49900.0,https/products/tecno-pop-8-6-6-4g-2-sim-2-64-go-13mpx-4g-lte-5000mah-blanc-12-mois-de-garantie?_pos=11&_sid=f8f2cbbbd&_ss=r,tecno
Tecno Spark 10 Pro 6.8 Pouces 128GB -50 mpx - 8GB ram,119900.0,https/products/copie-de-tecno-spark-10-pro-6-8-pouces-256gb-50-mpx-8gb-ram?_pos=12&_sid=f8f2cbbbd&_ss=r,tecno
"Tecno Spark 20 - 6,6"" - 4G - 8/128 Go - 5000 MAh - 50Mpx - Noir",85000.0,https/products/tecno-spark-20-6-6-4g-8-256-go-5000-mah-50mpx-noir-1?_pos=13&_sid=f8f2cbbbd&_ss=r,tecno
"Tecno Spark 10C -6,6"" HD+ 4G - 4GB Ram -128GB Rom -8Mpx/16Mpx",74900.0,https/products/copie-de-tecno-spark-10c-6-6-hd-4g-8-8gb-ram-128gb-rom-8mpx-16mpx?_pos=14&_sid=f8f2cbbbd&_ss=r,tecno
"Tecno CAMON 30 - 6.78""- 4G - 2 Sim – 12/256 Go - 50Mpx - 5000 MAh - Noir + Gadget Offert - Garantie 12 Mois",159900.0,https/products/tecno-camon-30-6-78-4g-2-sim-12-256-go-50mpx-5000-mah-noir-gadget-offert-garantie-12-mois?_pos=15&_sid=f8f2cbbbd&_ss=r,tecno
"Tecno SPARK 20 PRO - 6.78""- 8 Go - 256Go - 108Mpx - 5000 MAh - Noir",119900.0,https/products/tecno-spark-20-pro-6-78-8-go-256go-108mpx-5000-mah-noir?_pos=16&_sid=f8f2cbbbd&_ss=r,tecno
Tecno Spark 10 Pro 6.8 Pouces 128GB -50 mpx 8GB ram,109900.0,https/products/copie-de-tecno-spark-10-pro-6-8-pouces-256gb-50-mpx-8gb-ram-1?_pos=17&_sid=f8f2cbbbd&_ss=r,tecno
Tecno Spark 10 Pro 6.8 Pouces 256GB -50 mpx 8GB ram,124900.0,https/products/tecno-spark-10-pro-6-8-pouces-258gb-50-mpx-8gb-ram?_pos=18&_sid=f8f2cbbbd&_ss=r,tecno
"Tecno Spark 20 - 6,6"" - 4G - 8/256 Go - 5000 MAh - 50Mpx - Noir",92000.0,https/products/tecno-spark-20-6-6-4g-8-256-go-5000-mah-50mpx-noir?_pos=19&_sid=f8f2cbbbd&_ss=r,tecno
Tecno Camon 19 Pro – 8Go – 256Go - Quad Caméra 64Mpx / 48Mpx Selfie- 5000 MAH – Noir 5G,234900.0,https/products/copie-de-tecno-camon-19-pro-6-8-8go-256go-quad-camera-64mpx-48mpx-selfie-5000-mah-noir-5g?_pos=20&_sid=f8f2cbbbd&_ss=r,tecno
Tecno Camon 19 - 6.8 Pouces - 4G - 2 SIM - 128GB Rom - (4+3)GB Ram - 16Mpx/64Mpx - 5000 MAh,125000.0,https/products/tecno-camon-19-6-8-pouces-4g-2-sim-128gb-rom-4-3gb-ram-16mpx-64mpx-5000-mah?_pos=21&_sid=f8f2cbbbd&_ss=r,tecno
"Tecno Spark 10C -6,6"" HD+ 4G -(8+8)GB Ram -128GB Rom -8Mpx/16Mpx",79900.0,https/products/tecno-spark-10c-6-6-hd-4g-8-8gb-ram-128gb-rom-8mpx-16mpx?_pos=22&_sid=f8f2cbbbd&_ss=r,tecno
"Tecno CAMON 20 PREMIER - 5G - 6.68""- 8 Go - 512Go - 64Mpx - 5000 MAh + Gadget Offert",279900.0,https/products/tecno-camon-20-premier-5g-6-68-8-go-256go-64mpx-5000-mah-gadget-offert-1?_pos=23&_sid=f8f2cbbbd&_ss=r,tecno
Tecno Pop 6 Go - 6'' HD+ - 1/16Go - 4G - 5Mpx - 4000mAh,54900.0,https/products/copie-de-tecno-pop-6-go-6-hd-2-32go-3g-5mpx-4000mah-1?_pos=24&_sid=f8f2cbbbd&_ss=r,tecno
Tecno Pop 6 Go - 6'' HD+ - 2/32Go - 3G - 5Mpx - 4000mAh,59900.0,https/products/tecno-pop-6-go-6-hd-2-32go-3g-5mpx-4000mah?_pos=25&_sid=f8f2cbbbd&_ss=r,tecno
"Tecno Spark 8p - 4G - 2 SIM - 6,6 Pouces - 4Go Ram + 64Go Rom - 5000 MAh",89900.0,https/products/tecno-spark-8p-4g-2-sim-6-6-pouces-4go-ram-64go-rom-5000-mah-1?_pos=26&_sid=f8f2cbbbd&_ss=r,tecno
Tecno SPARK 30c 128Go ROM + 4Go RAM* (4Go + 4Go étendue) - 4G - 5000MAH- 18W Fast Charge,74900.0,https/products/tecno-spark-30c-128go-rom-4go-ram-4go-4go-etendue-4g-5000mah-18w-fast-charge?_pos=27&_sid=f8f2cbbbd&_ss=r,tecno
"Tecno Camon 19 Pro – 6,8"" – 8Go – 256Go - Quad Caméra 64Mpx / 48Mpx Selfie- 5000 MAH – Noir",209900.0,https/products/tecno-camon-19-pro-6-8-8go-256go-quad-camera-64mpx-48mpx-selfie-5000-mah-noir?_pos=28&_sid=f8f2cbbbd&_ss=r,tecno
Tecno Camon 19 - 6.8 Pouces- 2 SIM - 128GB Rom - 6GB Ram - 16Mpx/64Mpx - 5000 MAh,134900.0,https/products/copie-de-tecno-camon-19-6-8-pouces-5g-2-sim-128gb-rom-6gb-ram-16mpx-64mpx-5000-mah?_pos=29&_sid=f8f2cbbbd&_ss=r,tecno
"Tecno Spark 8p - 4G - 2 SIM - 6,6 Pouces - 4Go Ram + 128Go Rom - 5000 MAh",99900.0,https/products/copie-de-tecno-spark-8p-4g-2-sim-6-6-pouces-4go-ram-128go-rom-5000-mah?_pos=30&_sid=f8f2cbbbd&_ss=r,tecno
"Tecno POP 5 Pro - 6,52"" HD+ - 4G - 2 SIM - 2Go + 32 Go - 5 Mpx/8Mpx - 6000 MAh",69900.0,https/products/tecno-pop-5-pro-6-52-hd-4g-2-sim-2go-32-go-5-mpx-8mpx-6000-mah?_pos=31&_sid=f8f2cbbbd&_ss=r,tecno
"Tecno Spark 9 - 6,6'' - 4G - Double SIM - 4Go Ram + 64Go Rom - 8Mpx/13Mpx - 5000 MAh",89900.0,https/products/tecno-tecno-spark-9-6-6-4g-double-sim-4go-ram-64go-rom-8mpx-13mpx-5000-mah?_pos=32&_sid=f8f2cbbbd&_ss=r,tecno
Mini drone – DJOK - Amateur – Double Caméra 1080P non compatible sur HUAWEI et  TECNO,18500.0,https/products/mini-drone-djok-amateur-double-camera-1080p?_pos=33&_sid=f8f2cbbbd&_ss=r,tecno
Tecno Pop 7 Pro 4G - 2 SIM - 6.6 Pouces - 64GB Rom + 3GB Ram - 5MP/13MP - 5000 MAh,58300.0,https/products/tecno-pop-7-pro-4g-2-sim-6-6-pouces-64gb-rom-3gb-ram-5mp-13mp-5000-mah?_pos=34&_sid=f8f2cbbbd&_ss=r,tecno
Tecno Pop 7 Pro 4G - 2 SIM - 6.6 Pouces - 64GB Rom + 4GB Ram - 5MP/13MP - 5000 MAh,61900.0,https/products/tecno-pop-7-pro-4g-2-sim-6-6-pouces-64gb-rom-4gb-ram-5mp-13mp-5000-mah?_pos=35&_sid=f8f2cbbbd&_ss=r,tecno
"Infinix Note 40 - 6,78 Pouces - 4G - 2 SIM - (8+8)Go RAM + 256Go ROM - 32Mpx/108Mpx - 5000 MAh - Noir",149900.0,https/products/infinix-note-40-6-78-pouces-4g-2-sim-8-8go-ram-256go-rom-32mpx-108mpx-5000-mah-noir?_pos=36&_sid=f8f2cbbbd&_ss=r,tecno
Oraimo Câble USB - DURA LINE 2 OCD-CC82- Charge Rapide,1900.0,https/products/oraimo-cable-usb-dura-line-2-ocd-cc82-charge-rapide-6-mois-garantie?_pos=37&_sid=f8f2cbbbd&_ss=r,tecno
Tecno Camon 20 *6.67 Pouces* (256GB -8+8GB RAM)- 4G,119900.0,https/products/tecno-camon-20-6-67-pouces-256gb-8-8gb-ram?_pos=38&_sid=f8f2cbbbd&_ss=r,tecno
Tecno PHANTOM 9 – 128Go/6Go RAM–3500mAh – Bleu,150900.0,https/products/tecno-phantom-9-128go-6go-ram-3500mah-bleu?_pos=39&_sid=f8f2cbbbd&_ss=r,tecno
Tecno Pop 6 Go - 6'' HD+ - 1/16Go - 3G - 5Mpx - 4000mAh,54900.0,https/products/copie-de-tecno-pop-6-go-6-hd-1-16go-3g-5mpx-4000mah?_pos=40&_sid=f8f2cbbbd&_ss=r,tecno
"Tecno Spark 5 Pro - 2 SIM - 4G - 6,6"" - 3Go - 64Go - 16Mpx - 5000 MAh - Garantie 13 Mois",69900.0,https/products/tecno-spark-5-pro-2-sim-4g-6-6-4go-64go-16mpx-5000-mah-garantie-13-mois?_pos=41&_sid=f8f2cbbbd&_ss=r,tecno
Tecno Pop 6 Go - 6'' HD+ - 2/32Go - 4G - 5Mpx - 4000mAh,64900.0,https/products/tecno-pop-6-go-6-hd-2-32go-4g-5mpx-4000mah?_pos=42&_sid=f8f2cbbbd&_ss=r,tecno
"Nokia C21 Plus - 6.5"" - 4G - 2/64Go - 13Mpx - 2×Sim 5000mah",69900.0,https/products/nokia-c21-plus-6-5-4g-2-64go-13mpx-2xsim-5000mah?_pos=43&_sid=f8f2cbbbd&_ss=r,tecno
